apache2	2.4.41-4ubuntu3.23
apache2-bin	2.4.41-4ubuntu3.23
apache2-data	2.4.41-4ubuntu3.23
apache2-utils	2.4.41-4ubuntu3.23
cuda-command-line-tools-8-0	8.0.61-1
cuda-core-8-0	8.0.61-1
cuda-cublas-8-0	8.0.61.2-1
cuda-cublas-dev-8-0	8.0.61.2-1
cuda-cudart-8-0	8.0.61-1
cuda-cudart-dev-8-0	8.0.61-1
cuda-cufft-8-0	8.0.61-1
cuda-cufft-dev-8-0	8.0.61-1
cuda-curand-8-0	8.0.61-1
cuda-curand-dev-8-0	8.0.61-1
cuda-cusolver-8-0	8.0.61-1
cuda-cusolver-dev-8-0	8.0.61-1
cuda-cusparse-8-0	8.0.61-1
cuda-cusparse-dev-8-0	8.0.61-1
cuda-documentation-8-0	8.0.61-1
cuda-driver-dev-8-0	8.0.61-1
cuda-license-8-0	8.0.61-1
cuda-misc-headers-8-0	8.0.61-1
cuda-npp-8-0	8.0.61-1
cuda-npp-dev-8-0	8.0.61-1
cuda-nvgraph-8-0	8.0.61-1
cuda-nvgraph-dev-8-0	8.0.61-1
cuda-nvml-dev-8-0	8.0.61-1
cuda-nvrtc-8-0	8.0.61-1
cuda-nvrtc-dev-8-0	8.0.61-1
cuda-samples-8-0	8.0.61-1
cuda-toolkit-8-0	8.0.61-1
cuda-visual-tools-8-0	8.0.61-1
libapache2-mod-php7.0	7.0.33-52+ubuntu20.04.1+deb.sury.org+1
libapache2-mod-security2	2.9.3-1ubuntu0.1
libapache2-modsecurity	2.9.0-1
libpython3.8:amd64	3.8.10-0ubuntu1~20.04.18
libpython3.8-minimal:amd64	3.8.10-0ubuntu1~20.04.18
libpython3.8-stdlib:amd64	3.8.10-0ubuntu1~20.04.18
libpython3-stdlib:amd64	3.8.2-0ubuntu2
mysql-common	5.8+1.0.5ubuntu2
nvidia-compute-utils-440:amd64	450.119.03-0ubuntu0.20.04.1
nvidia-compute-utils-450	450.119.03-0ubuntu0.20.04.1
nvidia-dkms-450	450.119.03-0ubuntu0.20.04.1
nvidia-driver-440	450.119.03-0ubuntu0.20.04.1
nvidia-driver-450	450.119.03-0ubuntu0.20.04.1
nvidia-kernel-common-440:amd64	450.119.03-0ubuntu0.20.04.1
nvidia-kernel-common-450	450.119.03-0ubuntu0.20.04.1
nvidia-kernel-source-440	450.119.03-0ubuntu0.20.04.1
nvidia-kernel-source-450	450.119.03-0ubuntu0.20.04.1
nvidia-prime	0.8.14
nvidia-settings	470.57.01-0ubuntu0.20.04.1
nvidia-utils-440:amd64	450.119.03-0ubuntu0.20.04.1
nvidia-utils-450	450.119.03-0ubuntu0.20.04.1
php7.0	7.0.33-30+ubuntu20.04.1+deb.sury.org+1
php7.0-cli	7.0.33-52+ubuntu20.04.1+deb.sury.org+1
php7.0-common	7.0.33-52+ubuntu20.04.1+deb.sury.org+1
php7.0-gd	7.0.33-52+ubuntu20.04.1+deb.sury.org+1
php7.0-json	7.0.33-52+ubuntu20.04.1+deb.sury.org+1
php7.0-opcache	7.0.33-52+ubuntu20.04.1+deb.sury.org+1
php7.0-readline	7.0.33-52+ubuntu20.04.1+deb.sury.org+1
php7.0-xml	7.0.33-52+ubuntu20.04.1+deb.sury.org+1
php7.0-zip	7.0.33-52+ubuntu20.04.1+deb.sury.org+1
php7.2-common	7.2.34-23+ubuntu20.04.1+deb.sury.org+1
php7.2-gd	7.2.34-23+ubuntu20.04.1+deb.sury.org+1
php7.2-xml	7.2.34-23+ubuntu20.04.1+deb.sury.org+1
php7.2-zip	7.2.34-23+ubuntu20.04.1+deb.sury.org+1
php-common	2:76+ubuntu20.04.1+deb.sury.org+9
python3	3.8.2-0ubuntu2
python3.8	3.8.10-0ubuntu1~20.04.18
python3.8-minimal	3.8.10-0ubuntu1~20.04.18
python3-apport	2.20.11-0ubuntu27.31
python3-apt	2.0.0ubuntu0.20.04.3
python3-aptdaemon	1.1.1+bzr982-0ubuntu32.3
python3-aptdaemon.gtk3widgets	1.1.1+bzr982-0ubuntu32.3
python3-bcrypt	3.1.7-2ubuntu1
python3-blinker	1.4+dfsg1-0.3ubuntu1
python3-brlapi:amd64	6.0+dfsg-4ubuntu6
python3-cairo:amd64	1.16.2-2ubuntu2
python3-certifi	2019.11.28-1
python3-cffi-backend	1.14.0-1build1
python3-chardet	3.0.4-4build1
python3-click	7.0-3
python3-colorama	0.4.3-1build1
python3-commandnotfound	20.04.4
python3-cryptography	2.8-3ubuntu0.3
python3-cups	1.9.73-3build1
python3-cupshelpers	1.5.12-0ubuntu1
python3-dateutil	2.7.3-3ubuntu1
python3-dbus	1.2.16-1build1
python3-debconf	1.5.73
python3-debian	0.1.36ubuntu1
python3-defer	1.0.6-2.1
python3-distro	1.4.0-1
python3-distro-info	0.23ubuntu1
python3-distupgrade	1:20.04.25
python3-entrypoints	0.3-2ubuntu1
python3-fasteners	0.14.1-2
python3-future	0.18.2-2ubuntu0.1
python3-gdbm:amd64	3.8.10-0ubuntu1~20.04
python3-gi	3.36.0-1
python3-gi-cairo	3.36.0-1
python3-httplib2	0.14.0-1ubuntu1
python3-ibus-1.0	1.5.22-2ubuntu2.1
python3-idna	2.8-1ubuntu0.1
python3-jwt	1.7.1-2ubuntu2.1
python3-keyring	18.0.1-2ubuntu1
python3-launchpadlib	1.10.13-1
python3-lazr.restfulclient	0.14.2-2build1
python3-lazr.uri	1.0.3-4build1
python3-ldb	2:2.4.4-0ubuntu0.20.04.2
python3-lib2to3	3.8.10-0ubuntu1~20.04
python3-lockfile	1:0.12.2-2ubuntu2
python3-louis	3.12.0-3ubuntu0.2
python3-macaroonbakery	1.3.1-1
python3-mako	1.1.0+ds1-1ubuntu2.1
python3-markupsafe	1.1.0-1build2
python3-minimal	3.8.2-0ubuntu2
python3-monotonic	1.5-0ubuntu2
python3-nacl	1.3.0-5
python3-netifaces	0.10.4-1ubuntu4
python3-oauthlib	3.1.0-1ubuntu2
python3-olefile	0.46-2
python3-paramiko	2.6.0-2ubuntu0.3
python3-pexpect	4.6.0-1build1
python3-pil:amd64	7.0.0-4ubuntu0.9
python3-pkg-resources	45.2.0-1ubuntu0.3
python3-problem-report	2.20.11-0ubuntu27.31
python3-protobuf	3.6.1.3-2ubuntu5.2
python3-ptyprocess	0.6.0-1ubuntu1
python3-pyatspi	2.36.0-1
python3-pymacaroons	0.13.0-3
python3-renderpm:amd64	3.5.34-1ubuntu1.1
python3-reportlab	3.5.34-1ubuntu1.1
python3-reportlab-accel:amd64	3.5.34-1ubuntu1.1
python3-requests	2.22.0-2ubuntu1.1
python3-requests-unixsocket	0.2.0-2
python3-rfc3339	1.1-2
python3-secretstorage	2.3.1-2ubuntu1
python3-simplejson	3.16.0-2ubuntu2
python3-six	1.14.0-2
python3-software-properties	0.98.9.2
python3-speechd	0.9.1-4
python3-systemd	234-3build2
python3-talloc:amd64	2.3.3-0ubuntu0.20.04.1
python3-tz	2019.3-1
python3-uno	1:6.4.7-0ubuntu0.20.04.15
python3-update-manager	1:20.04.10.1
python3-urllib3	1.25.8-2ubuntu0.4
python3-wadllib	1.3.3-3build1
python3-xdg	0.26-1ubuntu1
python3-xkit	0.5.0ubuntu4
python3-yaml	5.3.1-1ubuntu0.1
python-apt-common	2.0.0ubuntu0.20.04.3
